2026-04-06_18-02-24,0,draft.go:2026-04-06_18-02-24
2026-07-03_19-18-02,0,draft.go:2026-07-03_19-18-02
2026-07-03_19-18-11,0,draft.go:2026-07-03_19-18-02
2026-07-03_19-18-39,0,draft.go:2026-07-03_19-18-02
2026-07-03_19-18-43,0,draft.go:2026-07-03_19-18-02
2026-07-03_19-18-49,0,draft.go:2026-07-03_19-18-02
2026-07-03_19-18-58,0,draft.go:2026-07-03_19-18-02
2026-07-03_19-34-27,0,draft.go:2026-07-03_19-34-27
2026-07-03_19-34-40,0,draft.go:2026-07-03_19-34-40
2026-07-03_19-34-49,0,draft.go:2026-07-03_19-34-40
2026-07-03_19-34-54,---,draft.go:2026-07-03_19-34-40
2026-07-03_19-35-13,0,draft.go:2026-07-03_19-35-13
2026-07-03_19-36-14,0,draft.go:2026-07-03_19-36-14
