2026-05-10_19-43-24,0,draft.go:2026-05-10_19-43-24
2026-05-10_19-51-14,0,draft.go:2026-05-10_19-51-14
2026-05-10_19-51-23,0,draft.go:2026-05-10_19-51-23
2026-05-10_19-52-01,37,draft.go:2026-05-10_19-52-01
2026-05-10_19-52-41,37,draft.go:2026-05-10_19-52-41
2026-05-10_19-53-00,37,draft.go:2026-05-10_19-53-00
2026-05-10_19-53-19,37,draft.go:2026-05-10_19-53-19
2026-05-10_19-54-28,37,draft.go:2026-05-10_19-54-28
2026-05-10_19-54-59,37,draft.go:2026-05-10_19-54-59
2026-05-10_19-58-38,37,draft.go:2026-05-10_19-58-38
2026-05-10_19-59-10,37,draft.go:2026-05-10_19-59-10
2026-05-10_20-00-27,0,draft.go:2026-05-10_20-00-27
2026-05-10_20-02-05,37,draft.go:2026-05-10_20-02-05
2026-05-10_20-04-44,62,draft.go:2026-05-10_20-04-44
2026-05-10_20-06-32,62,draft.go:2026-05-10_20-06-32
2026-05-10_20-08-01,62,draft.go:2026-05-10_20-08-01
2026-05-10_20-09-13,0,draft.go:2026-05-10_20-09-13
2026-05-10_20-10-01,0,draft.go:2026-05-10_20-10-01
2026-05-10_20-10-43,37,draft.go:2026-05-10_20-10-43
2026-05-10_20-13-46,37,draft.go:2026-05-10_20-13-46
2026-05-10_20-14-12,100,draft.go:2026-05-10_20-14-12
