2026-06-14_19-31-17,0,draft.go:2026-06-14_19-31-17
2026-06-14_19-35-46,0,draft.go:2026-06-14_19-31-17
2026-06-14_22-58-37,0,draft.go:2026-06-14_22-58-37
2026-06-14_22-58-47,0,draft.go:2026-06-14_22-58-47
2026-06-14_22-58-57,0,draft.go:2026-06-14_22-58-57
2026-06-14_22-59-05,0,draft.go:2026-06-14_22-59-05
2026-06-14_22-59-19,0,draft.go:2026-06-14_22-59-19
2026-06-14_22-59-26,0,draft.go:2026-06-14_22-59-26
2026-06-14_22-59-32,0,draft.go:2026-06-14_22-59-32
2026-06-14_22-59-40,0,draft.go:2026-06-14_22-59-40
2026-06-14_22-59-45,---,draft.go:2026-06-14_22-59-40
2026-06-14_23-00-22,0,draft.go:2026-06-14_23-00-22
2026-06-14_23-03-46,0,draft.go:2026-06-14_23-03-46
2026-06-14_23-04-06,0,draft.go:2026-06-14_23-04-06
2026-06-14_23-05-30,0,draft.go:2026-06-14_23-05-30
2026-06-14_23-05-38,0,draft.go:2026-06-14_23-05-38
2026-06-14_23-06-09,0,draft.go:2026-06-14_23-06-09
2026-06-14_23-06-38,0,draft.go:2026-06-14_23-06-38
2026-06-14_23-06-50,0,draft.go:2026-06-14_23-06-50
2026-06-14_23-09-25,0,draft.go:2026-06-14_23-09-25
2026-06-14_23-15-23,0,draft.go:2026-06-14_23-15-23
2026-06-14_23-15-37,0,draft.go:2026-06-14_23-15-23
2026-06-14_23-18-26,0,draft.go:2026-06-14_23-18-26
2026-06-14_23-18-41,100,draft.go:2026-06-14_23-18-41
