2026-05-17_15-23-21,0,draft.go:2026-05-17_15-23-21
2026-05-17_15-38-20,80,draft.go:2026-05-17_15-38-20
2026-05-17_15-38-36,20,draft.go:2026-05-17_15-38-36
2026-05-17_15-38-45,80,draft.go:2026-05-17_15-38-45
2026-05-17_15-38-53,80,draft.go:2026-05-17_15-38-53
2026-05-17_15-43-09,80,draft.go:2026-05-17_15-38-53
2026-05-17_15-43-48,20,draft.go:2026-05-17_15-43-48
2026-05-17_15-44-02,80,draft.go:2026-05-17_15-44-02
2026-05-17_15-45-45,0,draft.go:2026-05-17_15-45-45
2026-05-17_15-45-53,80,draft.go:2026-05-17_15-45-53
2026-05-17_15-47-21,20,draft.go:2026-05-17_15-47-21
2026-05-17_15-49-31,20,draft.go:2026-05-17_15-49-31
2026-05-17_15-52-10,20,draft.go:2026-05-17_15-52-10
2026-05-17_15-52-48,20,draft.go:2026-05-17_15-52-48
2026-05-17_15-53-14,20,draft.go:2026-05-17_15-53-14
2026-05-17_15-56-43,0,draft.go:2026-05-17_15-56-43
2026-05-17_15-59-13,20,draft.go:2026-05-17_15-59-13
2026-05-17_16-01-15,80,draft.go:2026-05-17_16-01-15
2026-05-17_16-05-11,80,draft.go:2026-05-17_16-05-11
2026-05-17_16-06-40,80,draft.go:2026-05-17_16-05-11
2026-05-17_16-07-18,20,draft.go:2026-05-17_16-07-18
2026-05-17_16-08-32,20,draft.go:2026-05-17_16-08-32
2026-05-17_16-09-54,80,draft.go:2026-05-17_16-09-54
2026-05-17_16-11-38,20,draft.go:2026-05-17_16-11-38
2026-05-17_16-14-45,80,draft.go:2026-05-17_16-14-45
2026-05-17_16-15-33,100,draft.go:2026-05-17_16-15-33
