2026-05-10_20-16-13,0,draft.go:2026-05-10_20-16-13
2026-05-11_16-51-33,0,draft.go:2026-05-10_20-16-13
2026-05-11_16-58-10,9,draft.go:2026-05-11_16-58-10
2026-05-11_17-02-11,9,draft.go:2026-05-11_17-02-11
2026-05-11_17-03-04,9,draft.go:2026-05-11_17-03-04
2026-05-11_17-04-03,9,draft.go:2026-05-11_17-04-03
2026-05-11_17-06-09,9,draft.go:2026-05-11_17-06-09
2026-05-11_17-10-30,9,draft.go:2026-05-11_17-10-30
2026-05-11_17-28-38,9,draft.go:2026-05-11_17-10-30
2026-05-11_17-30-33,9,draft.go:2026-05-11_17-30-33
2026-05-11_17-31-07,63,draft.go:2026-05-11_17-31-07
2026-05-11_17-34-31,63,draft.go:2026-05-11_17-34-31
2026-05-11_17-35-52,63,draft.go:2026-05-11_17-35-52
2026-05-11_17-39-23,72,draft.go:2026-05-11_17-39-23
2026-05-11_17-40-34,72,draft.go:2026-05-11_17-40-34
2026-05-11_17-40-46,100,draft.go:2026-05-11_17-40-46
